store_id,date,rank,draw_no,name,address
,2025-08-09,1,1184,1,수동
,2025-08-09,1,1184,2,자동
,2025-08-09,1,1184,3,자동
,2025-08-09,1,1184,4,수동
,2025-08-09,1,1184,5,수동
,2025-08-09,1,1184,6,자동
,2025-08-09,1,1184,7,수동
,2025-08-09,1,1184,8,수동
,2025-08-09,1,1184,9,자동
,2025-08-09,1,1184,10,자동
,2025-08-09,1,1184,11,자동
,2025-08-09,1,1184,12,자동
,2025-08-09,1,1184,13,자동
,2025-08-09,1,1184,14,자동
,2025-08-09,1,1184,15,자동
,2025-08-09,2,1184,1,서울 강남구 영동대로112길 10
,2025-08-09,2,1184,2,서울 강동구 올림픽로 648 천호역 3번 출구 앞(가판점)
,2025-08-09,2,1184,3,서울 강북구 한천로 1078-1
,2025-08-09,2,1184,4,서울 강서구 가로공원로76가길 12
,2025-08-09,2,1184,5,서울 관악구 양녕로 37-1
,2025-08-09,2,1184,6,서울 구로구 고척로21나길 8-3 (개봉동)
,2025-08-09,2,1184,7,서울 도봉구 도봉로 588
,2025-08-09,2,1184,8,서울 동대문구 회기로 194
,2025-08-09,2,1184,9,동행복권(dhlottery.co.kr)
,2025-08-09,2,1184,10,동행복권(dhlottery.co.kr)
,2025-08-09,2,1184,11,동행복권(dhlottery.co.kr)
,2025-08-09,2,1184,12,서울 은평구 연서로 258 상가102호
,2025-08-09,2,1184,13,서울 은평구 연서로21길 8
,2025-08-09,2,1184,14,서울 중구 마른내로 124
,2025-08-09,2,1184,15,부산 금정구 중앙대로 2097
,2025-08-16,1,1185,경기 광명시 기아로 6,수동
,2025-08-16,1,1185,"경기 수원시 영통구 덕영대로1555번길 13 106호(영통동, 세일빌딩)",자동
,2025-08-16,1,1185,"경기 시흥시 시청로68번길 4 1층 124호(장현동, 장현1엔플러스빌)",자동
,2025-08-16,1,1185,"경기 안산시 단원구 광덕2로 193-19 113,114호",자동
,2025-08-16,1,1185,경기 오산시 성호대로93번길 27,자동
,2025-08-16,1,1185,경기 화성시 동화새터길 98 106호,자동
,2025-08-16,1,1185,경남 김해시 함박로101번길 22 삼우빌딩104호 복권판매점,로또통신
,2025-08-16,1,1185,경북 구미시 구미중앙로 57-3,자동
,2025-08-16,1,1185,부산 기장군 정관중앙로 48 106호,수동
,2025-08-16,1,1185,부산 부산진구 골드테마길 42,자동
,2025-08-16,1,1185,서울 영등포구 여의나루로 42 가로판매점(여의도동),하나복권(가로판매점)
,2025-08-16,1,1185,충남 서산시 호수공원6로 64 1층,필로또복권
,2025-08-16,2,1185,대박복권방,서울 용산구 효창원로 262 1층
,2025-08-16,2,1185,복권정복,서울 강동구 고덕로24길 9 1층 104호
,2025-08-16,2,1185,서울 강동구 올림픽로 648 천호역 3번 출구 앞(가판점),가로판매대
,2025-08-16,2,1185,서울 노원구 상계로12길 16 1층 일부(상계동),방글이 로또
,2025-08-16,2,1185,서울 송파구 마천로57길 5,대박로또
,2025-08-16,2,1185,잠실매점,서울 송파구 올림픽로 269 잠실역 8번출구 앞 가판
,2025-08-16,2,1185,지도보기,서울 송파구 마천로 235
,2025-08-16,2,1185,지도보기,서울 중구 퇴계로 222-1
,2025-08-16,2,1185,지도보기,서울 중구 퇴계로 222-1
,2025-08-16,2,1185,한성식품,서울 중구 수표로 26
,2025-08-16,2,1185,행복복권방,서울 양천구 신목로6길 41 1층
,2025-08-16,2,1185,행운복권방,서울 노원구 광운로 49 1층(월계동)
,2025-08-16,2,1185,황금어장,서울 은평구 연서로 333
,2025-08-23,1,1186,강원 홍천군 홍천로 409 1층,자동
,2025-08-23,1,1186,경기 남양주시 별내2로 64 109호,자동
,2025-08-23,1,1186,경기 이천시 단월로 33,자동
,2025-08-23,1,1186,경남 창원시 성산구 대정로 145 개나리1차상가107호,자동
,2025-08-23,1,1186,경남 창원시 성산구 용지로113번길 8,창원로또명당
,2025-08-23,1,1186,경북 김천시 혁신로 185 메타폴리스상가 120호,수동
,2025-08-23,1,1186,대전 서구 둔산남로105번길 19,미리 대박 복권
,2025-08-23,1,1186,서울 광진구 뚝섬로30길 47,희망드림(동행복권)
,2025-08-23,1,1186,서울 동대문구 장한로2길 24,반자동
,2025-08-23,1,1186,울산 북구 당수골6길 20 1층,네잎클로버
,2025-08-23,1,1186,인천 연수구 한나루로197번길 34,자동
,2025-08-23,1,1186,전남 여수시 성산로 19,자동
,2025-08-23,1,1186,전북 익산시 무왕로 1268,자동
,2025-08-23,1,1186,충북 진천군 상산로 71,수동
,2025-08-23,2,1186,드림공인중개사사무소,서울 양천구 목동중앙북로16길 3 광진상가1층104
,2025-08-23,2,1186,서울 마포구 마포대로 44 진도빌딩앞,로또복권판매소
,2025-08-23,2,1186,서울 마포구 마포대로 44 진도빌딩앞,로또복권판매소
,2025-08-23,2,1186,서울 서초구 신반포로 194 쇼케이스12호,드림로또
,2025-08-23,2,1186,서울 영등포구 영등포로53길 17 1층 (영등포동2가),대박로또
,2025-08-23,2,1186,서울 종로구 돈화문로 23 가판,종로3가1호선역2번출구가로판매점82호
,2025-08-23,2,1186,잠실매점,서울 송파구 올림픽로 269 잠실역 8번출구 앞 가판
,2025-08-23,2,1186,제이복권방,서울 종로구 종로 225-1 평창빌딩 1층 103호
,2025-08-23,2,1186,제일복권,서울 동대문구 회기로 194
,2025-08-23,2,1186,주택복권사랑방,서울 관악구 난곡로 363-1
,2025-08-23,2,1186,지도보기,서울 도봉구 우이천로4길 36 1층
,2025-08-23,2,1186,천하명당관악점,서울 관악구 보라매로2길 11
,2025-08-30,1,1187,경기 성남시 중원구 희망로 448 1층일부 (금광동),1번지복권방
,2025-08-30,1,1187,경기 여주시 경충대로 1490 오일뱅크 주유소,꿈이있는로또
,2025-08-30,1,1187,경기 평택시 중앙2로 1,자동
,2025-08-30,1,1187,경남 김해시 번화2로 36,대풍로또판매점
,2025-08-30,1,1187,경남 밀양시 북성로 7,자동
,2025-08-30,1,1187,경남 통영시 도남로 81,나눔로또봉평점
,2025-08-30,1,1187,서울 송파구 충민로 52 가든파이브웍스 제지1층 제비에프10777-2호,자동
,2025-08-30,1,1187,"울산 북구 무룡로 29 울산광역시 북구 연암동 417-1, 1층",자동
,2025-08-30,1,1187,인터넷 복권판매사이트,수동
,2025-08-30,1,1187,인터넷 복권판매사이트,자동
,2025-08-30,1,1187,전남 목포시 옥암로 46,자동
,2025-08-30,2,1187,경성식품,서울 동대문구 망우로21길 52
,2025-08-30,2,1187,다모아복권명당,서울 구로구 서해안로30길 13-7 1층
,2025-08-30,2,1187,복권나라,서울 동작구 성대로 42
,2025-08-30,2,1187,비원복권,서울 종로구 돈화문로 66 비원슈퍼
,2025-08-30,2,1187,서울 강동구 올림픽로 648 천호역 3번 출구 앞(가판점),가로판매대
,2025-08-30,2,1187,서울 관악구 과천대로 955,가로판매점
,2025-08-30,2,1187,서울 마포구 월드컵북로4길 65 1층,신공주 로또
,2025-08-30,2,1187,서울 서초구 주흥길 3 1층 105-2호,이프(if)로또
,2025-08-30,2,1187,서울 영등포구 영중로 2 1층(영등포동3가),로또킹
,2025-08-30,2,1187,영광정보통신,서울 성북구 화랑로 92 1층 우측1호
,2025-08-30,2,1187,인생한방,서울 은평구 응암로4길 17
,2025-08-30,2,1187,지도보기,서울 강북구 4.19로 1 1층
,2025-08-30,2,1187,지도보기,서울 노원구 동일로 1493 주공10단지종합상가111
,2025-08-30,2,1187,지도보기,서울 송파구 삼학사로16길 4 삼학사로 16길 우측 건물 1층
,2025-08-30,2,1187,해바라기 복권방,서울 영등포구 대림로 170 101호
,2025-09-06,1,1188,경기 고양시 덕양구 꽃마을로 66 1층105호,수동
,2025-09-06,1,1188,경기 여주시 세종로475번길 2 1층,하늘로또
,2025-09-06,1,1188,경기 여주시 세종로475번길 2 1층,하늘로또
,2025-09-06,1,1188,경기 여주시 세종로475번길 2 1층,하늘로또
,2025-09-06,1,1188,경기 여주시 세종로475번길 2 1층,하늘로또
,2025-09-06,1,1188,경기 여주시 세종로475번길 2 1층,하늘로또
,2025-09-06,1,1188,경기 평택시 평남로 651,수동
,2025-09-06,1,1188,경기 하남시 신장로 212 1층 2호,성강동인
,2025-09-06,1,1188,경남 김해시 전하로 253 동아그린아파트상가 103동 101호,동아슈퍼
,2025-09-06,1,1188,"경북 포항시 북구 학전로 26 1층,항구동",자동
,2025-09-06,1,1188,대구 달서구 대명천로 220 1층,자동
,2025-09-06,1,1188,대구 달서구 대명천로 89 1층,로또(카페)
,2025-09-06,1,1188,부산 동구 자성로133번길 35,자동
,2025-09-06,1,1188,부산 부산진구 백양대로208번길 38-9 상가동13호,다시 꿈꾸는 미래 동행복권
,2025-09-06,1,1188,서울 구로구 구일로8길 63 한신상가 102호,구일 로또 전자담배
,2025-09-06,1,1188,서울 동대문구 왕산로 270-1 1층,또와요로또방
,2025-09-06,1,1188,서울 송파구 백제고분로41길 7 1층,수동
,2025-09-06,1,1188,인천 부평구 경원대로 1438,수동
,2025-09-06,1,1188,인천 부평구 경원대로 1438,수동
,2025-09-06,1,1188,인천 부평구 경원대로 1438,수동
,2025-09-06,1,1188,인천 부평구 경원대로 1438,수동
,2025-09-06,1,1188,인천 부평구 경원대로 1438,수동
,2025-09-06,1,1188,인천 서구 검단로 490 1층,수동
,2025-09-06,1,1188,인천 서구 검단로 490 1층,수동
,2025-09-06,2,1188,대박복권,서울 서대문구 북아현로 10
,2025-09-06,2,1188,뮤직마트,서울 서초구 강남대로 212
,2025-09-06,2,1188,서울 노원구 동일로 1689 대덕하이베라스101호,로또수락산점
,2025-09-06,2,1188,서울 노원구 동일로 1689 대덕하이베라스101호,로또수락산점
,2025-09-06,2,1188,서울 노원구 동일로 1689 대덕하이베라스101호,로또수락산점
,2025-09-06,2,1188,서울 도봉구 도봉로 457,삼호복권
,2025-09-06,2,1188,지도보기,서울 동작구 장승배기로 146
,2025-09-06,2,1188,태양 명당 복권방,서울 금천구 독산로 211 세진상가103호
,2025-09-13,1,1189,경기 수원시 팔달구 매산로 2,자동
,2025-09-13,1,1189,경기 연천군 청신로 91,우리로또복권
,2025-09-13,1,1189,경기 의왕시 고산로 88,자동
,2025-09-13,1,1189,경남 사천시 사천대로 912,자동
,2025-09-13,1,1189,경남 진주시 동부로 1356 1층 일부호,자동
,2025-09-13,1,1189,경남 창원시 진해구 조천로 29 세븐일레븐,자동
,2025-09-13,1,1189,경북 경주시 양정로 211,로또야놀자
,2025-09-13,1,1189,광주 서구 풍금로38번길 23,동키호테편의점
,2025-09-13,1,1189,서울 금천구 독산로 211 세진상가103호,자동
,2025-09-13,1,1189,서울 중구 남대문로 20-2,중구-가로가판대-37
,2025-09-13,1,1189,울산 남구 신정로 19 삼성아파트 상가 204-101,자동
,2025-09-13,1,1189,"인천 서구 청라라임로 85 판매시설 비동 131호 후면(청라동, 청라린스트라우스)",자동
,2025-09-13,1,1189,인터넷 복권판매사이트,자동
,2025-09-13,2,1189,금성슈퍼,서울 관악구 난곡로63길 60 1층 금성슈퍼
,2025-09-13,2,1189,보원상회,서울 성북구 보문로 56
,2025-09-13,2,1189,복권나라,서울 성동구 용답중앙15길 12-1 1층
,2025-09-13,2,1189,복드림복권방,서울 강동구 상암로 99
,2025-09-13,2,1189,복드림복권방,서울 강동구 상암로 99
,2025-09-13,2,1189,서울 광진구 자양로 95,자양사거리가로매점
,2025-09-13,2,1189,서울 마포구 마포대로 44 진도빌딩앞,로또복권판매소
,2025-09-13,2,1189,서울 서초구 신반포로 194 본관1층 쇼케이스4호,이마트24 서울고속터미널4호점
,2025-09-13,2,1189,육사오(6/45)복권방,서울 관악구 조원중앙로2길 121 1층
,2025-09-13,2,1189,종합가판점,서울 동대문구 왕산로40길 6 건물 앞쪽 가판점 청량리역 5번출구 앞쪽
,2025-09-13,2,1189,행운복권방,서울 도봉구 노해로63길 79 우림빌딩 112호
,2025-09-13,2,1189,행운복권방,서울 도봉구 노해로63길 79 우림빌딩 112호
,2025-09-20,1,1190,강원 원주시 치악로 2334 1층,수동
,2025-09-20,1,1190,경기 안산시 단원구 선부광장로 27 122-2호,로또판매선부점
,2025-09-20,1,1190,경기 용인시 기흥구 중부대로 679-6,금은동복권방
,2025-09-20,1,1190,부산 동구 조방로49번길 18-1,자동
,2025-09-20,1,1190,충북 청주시 흥덕구 월명로 150,자동
,2025-09-20,1,1190,충북 충주시 칠금중앙로 38 1층,수동
,2025-09-20,2,1190,가든파이브 복권,서울 송파구 충민로 52 가든파이브웍스 제지1층 제비에프10777-2호
,2025-09-20,2,1190,강남가판점,서울 서초구 강남대로 379-2 가판점
,2025-09-20,2,1190,다온복권방,부산 금정구 부곡로 122 좌측 복권판매점
,2025-09-20,2,1190,럭키마켓,서울 강동구 명일로 159 1층
,2025-09-20,2,1190,만복복권,서울 용산구 한강대로104길 72 1층
,2025-09-20,2,1190,부산 기장군 차성동로 164,가나다자동차용품
,2025-09-20,2,1190,서울 도봉구 방학로15길 26-7,신우로또
,2025-09-20,2,1190,서울 중구 남대문로 20-2,중구-가로가판대-37
,2025-09-20,2,1190,이마트24 뉴가산지웰점,서울 금천구 가산로9길 12-8 110호
,2025-09-20,2,1190,잠실매점,서울 송파구 올림픽로 269 잠실역 8번출구 앞 가판
,2025-09-20,2,1190,제일식품,서울 서대문구 증가로 143
,2025-09-20,2,1190,지도보기,서울 노원구 동일로 1493 주공10단지종합상가111
,2025-09-20,2,1190,지도보기,서울 종로구 종로 219
,2025-09-27,1,1191,경기 안양시 만안구 안양로 228 1층,수동
,2025-09-27,1,1191,경기 의정부시 가능로125번길 22,자동
,2025-09-27,1,1191,경기 하남시 미사대로 520 현대지식산업센터 한강미사2차 D동 125호,리버스 편의점
,2025-09-27,1,1191,대구 북구 칠성남로 100 대구역한라하우젠트센텀상가102호,반달커피대구침산점
,2025-09-27,1,1191,대구 중구 달구벌대로 지하 2100 메트로센터C412호,메트로센터점
,2025-09-27,1,1191,부산 동래구 온천장로 33 1층,자동
,2025-09-27,1,1191,부산 사하구 사하로 204,자동
,2025-09-27,1,1191,서울 강동구 아리수로93길 19 108호,도로시
,2025-09-27,1,1191,서울 강동구 풍성로 187 102호,수동
,2025-09-27,1,1191,서울 강동구 풍성로 187 102호,수동
,2025-09-27,1,1191,서울 강동구 풍성로 187 102호,수동
,2025-09-27,1,1191,서울 강동구 풍성로 187 102호,수동
,2025-09-27,1,1191,서울 강동구 풍성로 187 102호,수동
,2025-09-27,1,1191,서울 관악구 과천대로 953,자동
,2025-09-27,1,1191,울산 동구 꽃바위로 35,반자동
,2025-09-27,1,1191,울산 울주군 굴화2길 26 1층,행운로또 굴화점
,2025-09-27,1,1191,인터넷 복권판매사이트,자동
,2025-09-27,1,1191,"충남 당진시 산단7로 94-9 106,107호 GS편의점 내",자동
,2025-09-27,2,1191,교통카드판매대,서울 구로구 경인로 661
,2025-09-27,2,1191,나인투화이브양재점,서울 서초구 동산로 18
,2025-09-27,2,1191,나인투화이브양재점,서울 서초구 동산로 18
,2025-09-27,2,1191,나인투화이브양재점,서울 서초구 동산로 18
,2025-09-27,2,1191,부산 강서구 명지국제2로 80 비주거시설동1층 54호,복권판매점 명지국제신도시점
,2025-09-27,2,1191,부산 금정구 중앙대로1719번길 37 우측 복권판매점,훼밀리복권
,2025-09-27,2,1191,서울 강동구 올림픽로 648 천호역 3번 출구 앞(가판점),가로판매대
,2025-09-27,2,1191,서울 강북구 덕릉로41길 22 1층,로또복권판매
,2025-09-27,2,1191,서울 영등포구 당산로 124 (당산동3가),로또명당
,2025-09-27,2,1191,에스비 상사,서울 중구 퇴계로86길 29 1층
,2025-09-27,2,1191,지도보기,서울 노원구 동일로 1493 주공10단지종합상가111
,2025-09-27,2,1191,지도보기,서울 성동구 왕십리로 362
,2025-09-27,2,1191,행운마트,서울 노원구 중계로 96
,2025-09-27,2,1191,황금돼지,"서울 은평구 통일로69길 15 1층, 3호"
,2025-10-04,1,1192,강원 원주시 행구로 45 1층,유니로또
,2025-10-04,1,1192,경기 고양시 일산동구 중앙로 1200,마두5번출구가판로또
,2025-10-04,1,1192,"경기 수원시 팔달구 수원천로255번길 6 89호(영동, 영동시장)",남문시장
,2025-10-04,1,1192,경기 용인시 기흥구 서천서로20번길 4-6 102동,반자동
,2025-10-04,1,1192,경기 파주시 방촌로 1719-68 좋은빌딩2 107호,자동
,2025-10-04,1,1192,경기 하남시 신장로 68,자동
,2025-10-04,1,1192,경기 화성시 동탄순환대로 127-5 1층 101호,동탄호수복권
,2025-10-04,1,1192,경기 화성시 시청로 822,율암25시편의점
,2025-10-04,1,1192,경남 김해시 대청로 121 대청프라자 B동 104호,자동
,2025-10-04,1,1192,경남 창원시 의창구 남산로 111 1층 GS25편의점,자동
,2025-10-04,1,1192,경북 경주시 산업로 4447 (용강동),자동
,2025-10-04,1,1192,광주 광산구 상무대로 411 1층,광주공항로또
,2025-10-04,1,1192,대구 달성군 테크노상업로 108 1동 1층 114호(테크노에이스),로또명당(유가테크노점)
,2025-10-04,1,1192,부산 사상구 낙동대로 910 마트월드 A-160호,수동
,2025-10-04,1,1192,부산 사상구 낙동대로 910 마트월드 A-160호,수동
,2025-10-04,1,1192,부산 사상구 낙동대로 910 마트월드 A-160호,수동
,2025-10-04,1,1192,부산 사하구 하신번영로 195,수동
,2025-10-04,1,1192,서울 강남구 선릉로 636 102호(키스톤빌딩),자동
,2025-10-04,1,1192,서울 동대문구 장한로 6-1 장한평역 3번출구 앞 가판대,장안평역 3번출구 가판대
,2025-10-04,1,1192,서울 마포구 월드컵로 97,수동
,2025-10-04,1,1192,서울 영등포구 영중로 2 1층(영등포동3가),로또킹
,2025-10-04,1,1192,울산 남구 수암로288번길 1 1층,로또25시
,2025-10-04,1,1192,울산 중구 염포로 15,수동
,2025-10-04,1,1192,전남 순천시 장선배기1길 6-53 1층,또니로또연구소 한꼴토토
,2025-10-04,1,1192,전북 정읍시 수성2로 28,자동
,2025-10-04,1,1192,충북 진천군 중앙동로 74-1 1층,수동
,2025-10-04,1,1192,충북 청주시 상당구 산성로 22-1,해수로또
,2025-10-04,1,1192,충북 청주시 청원구 율중로 19 편의점,자동
,2025-10-04,1,1192,충북 충주시 봉계1길 49 충주터미널1층,수동
,2025-10-04,2,1192,대구 달서구 와룡로 231,로또복권죽전점
,2025-10-04,2,1192,대박복권,서울 강서구 마곡중앙1로 26 103호 (마곡동 엠리체)
,2025-10-04,2,1192,뚝딱이 아빠들,부산 사하구 괴정로 284 1층
,2025-10-04,2,1192,복권나라,서울 동작구 상도로 178 1층 101호
,2025-10-04,2,1192,복권명당(서부점),대구 달서구 월배로 452
,2025-10-04,2,1192,부산 동구 범일로90번길 6-1 1층,당첨로또
,2025-10-04,2,1192,부산 북구 금곡대로 318,황금코끼리로또점
,2025-10-04,2,1192,부산 중구 국제시장2길 5 4호,프로토베팅샵
,2025-10-04,2,1192,서울 강남구 개포로 202 1층 이마트 24,emart24 포이사거리점
,2025-10-11,1,1193,강원 원주시 평원로 45 1층,유성로또복권상회
,2025-10-11,1,1193,경기 고양시 덕양구 혜음로 8 삼라마이다스프라자 제1층 제115호,수동
,2025-10-11,1,1193,경기 김포시 청송로 26 102-1호,수동
,2025-10-11,1,1193,경기 용인시 처인구 낙은로 22,수동
,2025-10-11,1,1193,경기 파주시 평화로 70,자동
,2025-10-11,1,1193,경남 합천군 핫들2로 8 1층,합천우리복권방
,2025-10-11,1,1193,대구 달서구 달구벌대로 1130 1층 코리아마트내,코리아슈퍼
,2025-10-11,1,1193,대구 중구 달구벌대로 지하 2100 메트로센터C412호,메트로센터점
,2025-10-11,1,1193,서울 강서구 금낭화로 91-12,미나식품(로또판매점)
,2025-10-11,1,1193,서울 노원구 동일로 1493 주공10단지종합상가111,자동
,2025-10-11,1,1193,서울 영등포구 도림로 308 1층,지에스(GS)25 신길센트럴점
,2025-10-11,1,1193,서울 영등포구 도신로65길 2 1층(신길동),수동
,2025-10-11,1,1193,서울 용산구 소월로20길 12,오거리복권방
,2025-10-11,1,1193,울산 북구 명촌6길 7,수동
,2025-10-11,1,1193,인천 서구 가정로151번길 11 삼성홈플러스가좌점1층,자동
,2025-10-11,1,1193,제주 제주시 흥운길 12,자동
,2025-10-11,2,1193,금강식품,서울 강서구 강서로 207
,2025-10-11,2,1193,다모아복권,서울 구로구 경인로19길 4
,2025-10-11,2,1193,대박복권방,서울 양천구 오목로 233 1층1호
,2025-10-11,2,1193,미래통신,서울 성북구 장월로 118-1
,2025-10-11,2,1193,복권천하,서울 강북구 월계로7나길 23
,2025-10-11,2,1193,서울 영등포구 영중로 2 1층(영등포동3가),로또킹
,2025-10-11,2,1193,씨스페이스 역촌점,서울 은평구 갈현로 88 1층 우측 두번째 점포
,2025-10-11,2,1193,지도보기,서울 강서구 강서로18가길 4
,2025-10-11,2,1193,지도보기,서울 종로구 종로 219
,2025-10-11,2,1193,코코마켓,서울 강서구 화곡로 137
,2025-10-11,2,1193,태광통신,서울 성북구 동소문로 248 105동 1층 1호
,2025-10-11,2,1193,행운드림복권방,서울 동대문구 천호대로69길 12 골든메카 109호-1호
,2025-10-11,2,1193,행운명당,서울 양천구 신월로 302 1층
,2025-10-18,1,1194,강원 동해시 중앙로 234 이주민상가1층18호,수동
,2025-10-18,1,1194,"강원 속초시 번영로 142 1층, 102호",수동
,2025-10-18,1,1194,강원 속초시 영금정로 23,속초등대로또복권
,2025-10-18,1,1194,경기 남양주시 마석로 37 101호,행복나눔로또
,2025-10-18,1,1194,경기 안양시 동안구 동안로 125-2 범계역4-1출구앞 버스표가판점,자동
,2025-10-18,1,1194,경기 평택시 현신3길 5-9,수동
,2025-10-18,1,1194,경기 화성시 병점3로 37 106호,수동
,2025-10-18,1,1194,경남 김해시 능동로 177 복권판매점,로또행운마트
,2025-10-18,1,1194,경남 진주시 대신로457번길 9 1층,로또복권판매 초전점
,2025-10-18,1,1194,경북 구미시 산호대로 199 상가1층4호,로타리상회
,2025-10-18,1,1194,경북 포항시 북구 장량로140번길 9,수동
,2025-10-18,1,1194,광주 광산구 수등로 253 1층 알리바이,알리바이
,2025-10-18,1,1194,부산 기장군 읍내로94번길 2,지에스(GS)25 기장읍내로
,2025-10-18,1,1194,부산 부산진구 백양관문로 104-1,로또성지
,2025-10-18,1,1194,서울 강서구 금낭화로 91-12,미나식품(로또판매점)
,2025-10-18,1,1194,서울 종로구 돈화문로 23 가판,종로3가1호선역2번출구가로판매점82호
,2025-10-18,1,1194,울산 북구 신기15길 2,수동
,2025-10-18,1,1194,인천 서구 보듬5로 5 104호일부,수동
,2025-10-18,1,1194,인천 연수구 인권로 9 1층 CU,수동
,2025-10-18,1,1194,인천 연수구 해돋이로 168 (송도동 21-13 혜인프라자 104호),반자동
,2025-10-18,1,1194,전북 군산시 백토로 128,수동
,2025-10-18,1,1194,전북 부안군 번영로 109,수동
,2025-10-18,1,1194,전북 부안군 번영로 135,수동
,2025-10-18,1,1194,전북 전주시 완산구 모악로 4729,로또로복권
,2025-10-18,1,1194,제주 서귀포시 월드컵로 169,범섬로또
,2025-10-18,1,1194,충남 아산시 배방로 57-23,153로또판매점
,2025-10-18,1,1194,충남 천안시 동남구 천안천공원6길 14-5 1층,자동
,2025-10-18,1,1194,충북 충주시 첨단산업9로 13 1충,복드림로또판매점
,2025-10-18,2,1194,노다지복권방,서울 성북구 화랑로13길 20
,2025-10-18,2,1194,대박복권방,서울 양천구 오목로 233 1층1호
,2025-10-18,2,1194,드림복권,서울 성동구 고산자로 232 1층 103호(행당동)
,2025-10-18,2,1194,서울 강서구 공항대로 282 1층,발산역 행운로또
,2025-10-18,2,1194,서울 동대문구 고산자로 459 1층,로얄복권방
,2025-10-18,2,1194,서울 서대문구 연희로 87 1층,독수리복권방
,2025-10-18,2,1194,서울 용산구 한강대로 114 신용산역 1번출구앞 가판,가로판매점
,2025-10-18,2,1194,서울 은평구 응암로22길 7 1층,로또
,2025-10-18,2,1194,지도보기,서울 종로구 새문안로5길 19 제지하1층 36호
,2025-10-18,2,1194,한가람마트(슈퍼마켓),서울 용산구 우사단로 3
,2025-10-18,2,1194,행운대박복권,서울 영등포구 영신로19길 8-1
,2025-10-18,2,1194,현대비디오,서울 동대문구 장한로25길 45
,2025-10-25,1,1195,경기 안산시 단원구 화랑로 98 바동 102호,똥광 로또 복권방
,2025-10-25,1,1195,경기 용인시 수지구 포은대로 319 중앙빌딩 104호,주몽동명
,2025-10-25,1,1195,경기 용인시 수지구 풍덕천로 144-1 103호,수동
,2025-10-25,1,1195,경남 김해시 월산로 112-57 이마트편의점 좌측 복권판매점,대동복권방
,2025-10-25,1,1195,경남 진주시 동부로 1356 1층 일부호,자동
,2025-10-25,1,1195,대전 서구 원도안로 30,자동
,2025-10-25,1,1195,부산 동래구 안남로 89-1 1층(안락동),자동
,2025-10-25,1,1195,서울 강서구 곰달래로25길 57 1층,자동
,2025-10-25,1,1195,전북 군산시 칠성1길 33,행복자리
,2025-10-25,1,1195,충남 서산시 구진로 6,수동
,2025-10-25,2,1195,더블행운점,서울 중랑구 겸재로 98
,2025-10-25,2,1195,부산 사상구 모덕로 51 복권판매점,로또달인
,2025-10-25,2,1195,부산 수영구 광안로 49,이마트24 광안리굿-7
,2025-10-25,2,1195,부일카서비스,부산 동구 자성로133번길 35
,2025-10-25,2,1195,부일카서비스,부산 동구 자성로133번길 35
,2025-10-25,2,1195,서울 금천구 금하로 686,하이로또
,2025-10-25,2,1195,서울 은평구 응암로22길 7 1층,로또
,2025-10-25,2,1195,서현슈퍼,서울 마포구 월드컵로10길 55 (서교동)
,2025-10-25,2,1195,수제현미누룽지(금정점),부산 금정구 금강로 691 복권판매점
,2025-10-25,2,1195,언제나일등복권,서울 중랑구 망우로 385 1층 2호
,2025-10-25,2,1195,오케이상사,서울 서초구 신반포로 176 센트럴시티내100호매점
,2025-10-25,2,1195,지도보기,서울 도봉구 도봉로165길 2 1층
,2025-10-25,2,1195,천하명당복권방(행운을주는사람들),부산 사상구 광장로38번길 25
,2025-10-25,2,1195,행복슈퍼,서울 성북구 동소문로 49
,2025-10-25,2,1195,황금돼지복권방,부산 연제구 중앙대로 1204
,2025-11-01,1,1196,강원 춘천시 영서로 1786,자동
,2025-11-01,1,1196,경기 김포시 김포대로 1610 나동 6호,100억로또점
,2025-11-01,1,1196,경기 남양주시 남가로 1821 104호,자동
,2025-11-01,1,1196,경남 창원시 진해구 신항4로 49 105호 세븐일레븐,드림로또
,2025-11-01,1,1196,경북 포항시 북구 불종로 78,자동
,2025-11-01,1,1196,"경북 포항시 북구 천마로72번길 7 1층,111동107호(양덕동)",자동
,2025-11-01,1,1196,부산 기장군 정관중앙로 48 106호,자동
,2025-11-01,1,1196,"부산 해운대구 해운대로 814 A동 137호(좌동, 세종월드프라자)",자동
,2025-11-01,1,1196,서울 구로구 구로동로 72,자동
,2025-11-01,1,1196,서울 금천구 가산디지털1로 168 A동 103호,자동
,2025-11-01,1,1196,인천 연수구 함박뫼로12번길 1 102호,복덩이 로또
,2025-11-01,1,1196,전남 목포시 청호로 139 1층 복권세상,자동
,2025-11-01,1,1196,전북 고창군 중앙로 200,자동
,2025-11-01,1,1196,전북 전주시 덕진구 건산로 276,훼미리마트 우아대로점
,2025-11-01,1,1196,충북 옥천군 금장로 65 세븐일레븐편의점,쿡쿡로또명당
,2025-11-01,2,1196,GS25가락본점,서울 송파구 오금로36길 69-14
,2025-11-01,2,1196,복권천하,서울 강북구 월계로7나길 23
,2025-11-01,2,1196,상도편의점,서울 동작구 상도로 276
,2025-11-01,2,1196,서울 성북구 동소문로23길 20,우리마트
,2025-11-01,2,1196,서울 성북구 동소문로23길 20,우리마트
,2025-11-01,2,1196,서울 영등포구 여의나루로 42 가로판매점(여의도동),하나복권(가로판매점)
,2025-11-01,2,1196,옥수역복권방,서울 성동구 한림말길 49
,2025-11-01,2,1196,우선식품,서울 영등포구 도신로 231-2
,2025-11-01,2,1196,잠실매점,서울 송파구 올림픽로 269 잠실역 8번출구 앞 가판
,2025-11-01,2,1196,종합가판점,서울 동대문구 왕산로40길 6 건물 앞쪽 가판점 청량리역 5번출구 앞쪽
,2025-11-01,2,1196,지도보기,서울 중구 중림로 37 1층 중간지점
,2025-11-01,2,1196,지도보기,서울 중랑구 상봉로 69
,2025-11-01,2,1196,천하명당초량점,부산 동구 중앙대로221번길 3
,2025-11-01,2,1196,행운마트,서울 노원구 중계로 96
,2025-11-08,1,1197,경기 광명시 오리로 371 상가1층102호,로토피아
,2025-11-08,1,1197,경기 성남시 분당구 대왕판교로 255 107호,자동
,2025-11-08,1,1197,경기 수원시 팔달구 매산로116번길 32,자동
,2025-11-08,1,1197,경기 양주시 칠봉산로 195-7 102호(봉양동),로또 복권방
,2025-11-08,1,1197,경기 의정부시 평화로 223,로또복권방
,2025-11-08,1,1197,대전 동구 중앙로204번길 16-1,자동
,2025-11-08,1,1197,서울 강동구 양재대로 1500 101호,자동
,2025-11-08,1,1197,서울 마포구 동교로 40 1층,다람쥐로또
,2025-11-08,1,1197,서울 서초구 신반포로 176 센트럴시티내100호매점,자동
,2025-11-08,1,1197,인천 서구 청라에메랄드로 65 아파트 상가 102호,자동
,2025-11-08,1,1197,인터넷 복권판매사이트,자동
,2025-11-08,1,1197,전북 남원시 동림로 102-1,춘향로또
,2025-11-08,1,1197,충북 청주시 흥덕구 가경로161번길 3,자동
,2025-11-08,2,1197,광나루복권방,서울 광진구 아차산로 591
,2025-11-08,2,1197,금손복권,서울 마포구 새창로 22 1층(도화동)
,2025-11-08,2,1197,서울 구로구 구일로8길 63 한신상가 102호,구일 로또 전자담배
,2025-11-08,2,1197,서울 도봉구 우이천로 486-1,오케이(O.K)로또
,2025-11-08,2,1197,서울 마포구 양화로 59 101호(서교동),싹쓸이 로또
,2025-11-08,2,1197,서울 성북구 보국문로 167 산장아파트산장상가1층15호,행운부동산(IGA)
,2025-11-08,2,1197,세븐일레븐강서화곡예스점,서울 강서구 화곡로42길 35
,2025-11-08,2,1197,수연식품(대박찬스),서울 중랑구 면목로48길 11
,2025-11-08,2,1197,잠실매점,서울 송파구 올림픽로 269 잠실역 8번출구 앞 가판
,2025-11-08,2,1197,지도보기,부산 금정구 체육공원로 591 복권판매점
,2025-11-08,2,1197,천하명당관악점,서울 관악구 보라매로2길 11
,2025-11-15,1,1198,강원 원주시 강변로 315 1층,로또수현점
,2025-11-15,1,1198,경기 수원시 권선구 동수원로242번길 15 104호,자동
,2025-11-15,1,1198,광주 북구 안산로 30 (오치동),수동
,2025-11-15,1,1198,대전 대덕구 대덕대로1448번길 71 CU편의점,나눔로또CU목상점
,2025-11-15,1,1198,서울 동대문구 답십리로 9 1층,자동
,2025-11-15,1,1198,서울 중구 퇴계로 447 황학 아크로타워,종합가판제141호
,2025-11-15,1,1198,인천 미추홀구 능해길 4 1층 1호(용현동),자동
,2025-11-15,1,1198,전북 전주시 덕진구 혁신로 465,자동
,2025-11-15,1,1198,전북 전주시 완산구 우전로 337 103호,효자로또판매점
,2025-11-15,1,1198,충남 금산군 인삼로 104,자동
,2025-11-15,2,1198,그린슈퍼,서울 동대문구 왕산로 138
,2025-11-15,2,1198,대박복권방,서울 관악구 서림길 3 1층 우측첫번째
,2025-11-15,2,1198,드림(DREAM)복권방,서울 송파구 백제고분로39길 8 제1층
,2025-11-15,2,1198,복권나라,서울 관악구 은천로 40-1
,2025-11-15,2,1198,복권나라,서울 광진구 동일로24길 68
,2025-11-15,2,1198,복권나라,서울 성동구 용답중앙15길 12-1 1층
,2025-11-15,2,1198,서울 금천구 남부순환로 1390 가판,로또 명당 가판점
,2025-11-15,2,1198,서울 서초구 강남대로 405,우리샵
,2025-11-15,2,1198,서울 중구 다산로33길 13 1층,무지개로또
,2025-11-15,2,1198,오케이상사,서울 서초구 신반포로 176 센트럴시티내100호매점
,2025-11-15,2,1198,오케이상사,서울 서초구 신반포로 176 센트럴시티내100호매점
,2025-11-15,2,1198,지도보기,서울 영등포구 가마산로65길 5 1층
,2025-11-15,2,1198,편의점사랑,서울 강서구 곰달래로25길 57 1층
,2025-11-22,1,1199,강원 강릉시 임영로 107,자동
,2025-11-22,1,1199,강원 태백시 황지로 32,수동
,2025-11-22,1,1199,"경기 고양시 일산서구 일산로 502 분산상가동 1층 4호(일산동, 후곡마을14단지)",자동
,2025-11-22,1,1199,경기 부천시 범안로 220 제근린생활시설2동 1층 103호,수동
,2025-11-22,1,1199,경기 수원시 권선구 세권로 122 1층 102호,온누리로또
,2025-11-22,1,1199,경기 안성시 신령로 209,자동
,2025-11-22,1,1199,경기 화성시 떡전골로 86 103호,자동
,2025-11-22,1,1199,경남 창원시 의창구 천주로 506 복권판매점,자동
,2025-11-22,1,1199,경북 의성군 중앙길 10-1 1층,로또명당
,2025-11-22,1,1199,대전 중구 대종로 174 1층,대박로또
,2025-11-22,1,1199,부산 해운대구 양운로 55 두산위브센티움상가102호,수동
,2025-11-22,1,1199,부산 해운대구 양운로 55 두산위브센티움상가102호,수동
,2025-11-22,1,1199,부산 해운대구 좌동로 107-10,행운 로또복권
,2025-11-22,1,1199,서울 성북구 장위로15길 4,자동
,2025-11-22,1,1199,인터넷 복권판매사이트,수동
,2025-11-22,1,1199,전남 담양군 무정로 42,자동
,2025-11-22,1,1199,전북 전주시 완산구 용리로 43 1층,수동
,2025-11-22,2,1199,고경식품,서울 구로구 경인로 381
,2025-11-22,2,1199,교통카드판매대,서울 송파구 송파대로28길 27 공영주차장앞가판
,2025-11-22,2,1199,나비복권,서울 금천구 금하로24길 28 1층
,2025-11-22,2,1199,노다지 노원역점 복권방,서울 노원구 상계로 78
,2025-11-22,2,1199,당첨 돼지 복권방,서울 동작구 노량진로 159 1층
,2025-11-22,2,1199,부산 사상구 낙동대로 738,네잎클로버
,2025-11-22,2,1199,서울 성동구 아차산로 121 정식품앞 보도 가판대,백두산 로또점
,2025-11-22,2,1199,서울 성동구 용답19길 11,대박로또
,2025-11-22,2,1199,씨스페이스 범어사역점,부산 금정구 중앙대로 2097
,2025-11-22,2,1199,씨유 망우점2,서울 중랑구 망우로 410 1층
,2025-11-22,2,1199,제이복권방,서울 종로구 종로 225-1 평창빌딩 1층 103호
,2025-11-22,2,1199,제이복권방,서울 종로구 종로 225-1 평창빌딩 1층 103호
,2025-11-22,2,1199,지도보기,서울 노원구 화랑로 335-2 월계동/가판/석계역1번출구 인근
,2025-11-22,2,1199,통일복권방,서울 송파구 백제고분로7길 6
,2025-11-22,2,1199,행복한마트,서울 양천구 곰달래로 27 1층
,2025-11-29,1,1200,1등드림,부산 동래구 여고북로 183 1층 101호
,2025-11-29,1,1200,강원 원주시 천사로 94 1층,자동
,2025-11-29,1,1200,경기 광명시 오리로 1000 (광명동),바로전산
,2025-11-29,1,1200,경기 포천시 구절초로 44,로또방
,2025-11-29,1,1200,경남 통영시 남해안대로 440,자동
,2025-11-29,1,1200,대구 수성구 지범로31길 7 우측상가(지산동),자동
,2025-11-29,1,1200,서울 동대문구 한천로46길 56-4 GS25시 휘경주공점,자동
,2025-11-29,1,1200,서울 중랑구 망우로 410 1층,자동
,2025-11-29,1,1200,인천 미추홀구 인주대로 370,자동
,2025-11-29,1,1200,인천 서구 승학로 528 아카데미프라자107호,자동
,2025-11-29,1,1200,인터넷 복권판매사이트,자동
,2025-11-29,1,1200,충남 아산시 북수북길 7-4 1층,행운의집로또
,2025-11-29,1,1200,충북 제천시 의림대로 340 GS25,제천시현로또점
,2025-11-29,2,1200,대구 달성군 테크노상업로 108 1동 1층 114호(테크노에이스),로또명당(유가테크노점)
,2025-11-29,2,1200,대구 동구 동촌로 292-1,대동
,2025-11-29,2,1200,대구 동구 메디밸리로 5-21,대박로또복권
,2025-11-29,2,1200,대박복권,부산 강서구 명지국제5로136번길 2 CU편의점 내
,2025-11-29,2,1200,돈벼락맞는곳복권방,부산 사상구 사상로 147
,2025-11-29,2,1200,복터진날,부산 사하구 장림로 162-1 복권판매점
,2025-11-29,2,1200,부산 강서구 명지국제2로 80 비주거시설동1층 54호,복권판매점 명지국제신도시점
,2025-11-29,2,1200,비프광장,"부산 중구 중구로5번길 14 1층 105호(남포동6가,더베이먼트)"
,2025-11-29,2,1200,서울 노원구 상계로 309-1 cu,로또판매점
,2025-11-29,2,1200,서울 영등포구 여의나루로 42 가로판매점(여의도동),하나복권(가로판매점)
,2025-11-29,2,1200,셀프카메라,부산 부산진구 가야대로443번길 32 1층 101호
,2025-11-29,2,1200,신세계슈퍼,서울 영등포구 대림로 191
,2025-11-29,2,1200,씨유 부산덕천점,부산 북구 백양대로 1187
,2025-11-29,2,1200,천하명당복권방독산점,서울 금천구 독산로85길 16
,2025-12-06,1,1201,경기 광명시 광명로 908 (광명동),자동
,2025-12-06,1,1201,경남 창원시 마산회원구 3·15대로 756 1층 102호(마산시외버스터미널),자동
,2025-12-06,1,1201,경남 창원시 의창구 의창대로 914,자동
,2025-12-06,1,1201,경남 창원시 진해구 안청남로 14,수동
,2025-12-06,1,1201,경남 창원시 진해구 용원로 89,행운로또복권방
,2025-12-06,1,1201,경북 구미시 수출대로 555,노다지구미황상
,2025-12-06,1,1201,광주 서구 풍암순환로 5 대주파크빌아파트상가1층102호,자동
,2025-12-06,1,1201,대구 군위군 중앙길 32,로또복권
,2025-12-06,1,1201,부산 중구 중구로29번길 26,자동
,2025-12-06,1,1201,서울 강남구 논현로72길 20 1층 102호,수동
,2025-12-06,1,1201,서울 강서구 까치산로 177 1층 101호,자동
,2025-12-06,1,1201,서울 중구 세종대로 26,신가로판매점
,2025-12-06,1,1201,세종 용포로 32,세종로또방
,2025-12-06,1,1201,인터넷 복권판매사이트,수동
,2025-12-06,1,1201,전남 순천시 연향번영길 94 동성아파트 상가113호,복권나라동성점
,2025-12-06,1,1201,전남 영암군 대불주거1로9길 3 1층 101호,대불로또판매점
,2025-12-06,1,1201,전북 전주시 완산구 모악로 4729,로또로복권
,2025-12-06,1,1201,충북 청주시 상당구 중고개로125번길 17,동남운천복권
,2025-12-06,1,1201,충북 청주시 흥덕구 2순환로 1052 1층 휴대폰싸게파는집 내부,비하로또명당
,2025-12-06,2,1201,뉴빅마트,부산 기장군 정관중앙로 48 106호
,2025-12-06,2,1201,돈벼락 금정점,부산 금정구 수림로 25 부곡쌍용아파트상가 102호
,2025-12-06,2,1201,부산 금정구 서동로 172 1층,대박로또
,2025-12-06,2,1201,"부산 동래구 온천장로119번길 20 10호(온천동, 온천아파트 점포)",우리들마트
,2025-12-06,2,1201,부산 사하구 하신중앙로 344 1층(하단동),로또시대
,2025-12-06,2,1201,부일카서비스,부산 동구 자성로133번길 35
,2025-12-06,2,1201,서울 강남구 논현로 36 태양빌딩103호,프로토 포이점
,2025-12-06,2,1201,서울 관악구 신림로65길 32 1층 101호,우리로또방
,2025-12-06,2,1201,서울 관악구 신림로65길 32 1층 101호,우리로또방
,2025-12-06,2,1201,서울 용산구 청파로 286 1층 가판대,가로판매점제55호
,2025-12-06,2,1201,지도보기,서울 마포구 독막로 184-1
,2025-12-06,2,1201,지에스(GS)25 장안벤처빌점,"서울 동대문구 장한로 85 현대벤처빌 111,112호"
,2025-12-13,1,1202,경기 성남시 중원구 성남대로 1149,자동
,2025-12-13,1,1202,경기 수원시 권선구 정조로 515,자동
,2025-12-13,1,1202,경기 시흥시 월곶중앙로14번길 100,자동
,2025-12-13,1,1202,경남 김해시 인제로170번길 15-6 편의점 내,수동
,2025-12-13,1,1202,경남 김해시 인제로170번길 15-6 편의점 내,수동
,2025-12-13,1,1202,경북 구미시 임은길 64,자동
,2025-12-13,1,1202,서울 강남구 논현로63길 16 1층 102호,월드로또복권 판매점
,2025-12-13,1,1202,서울 관악구 과천대로 953,수동
,2025-12-13,1,1202,서울 송파구 마천로7길 6 대림아파트상가115호,성지로또
,2025-12-13,1,1202,서울 중랑구 중랑역로 47,태릉시장복권방
,2025-12-13,1,1202,인천 계양구 길마로 35 1층 102호,로또까페
,2025-12-13,1,1202,인천 계양구 효서로 204 1층,수동
,2025-12-13,1,1202,전남 해남군 산정1길 111 세븐일레븐,땅끝 로또
,2025-12-13,1,1202,충북 제천시 용두대로 59 1층,선경로또
,2025-12-13,2,1202,GS25가락본점,서울 송파구 오금로36길 69-14
,2025-12-13,2,1202,강서슈퍼,서울 강서구 공항대로59길 29
,2025-12-13,2,1202,논현 일등 복권,서울 강남구 강남대로 522 1층
,2025-12-13,2,1202,부산 부산진구 백양순환로 118 1층 동남슈퍼,동남슈퍼
,2025-12-13,2,1202,부일카서비스,부산 동구 자성로133번길 35
,2025-12-13,2,1202,서울 구로구 새말로 117-24 (신도림역2번출구)(구로동),가로판매소
,2025-12-13,2,1202,서울 서초구 방배천로2길 10 1층 남쪽상가(방배동),사당역14번출구로또판매점
,2025-12-13,2,1202,서울 양천구 목동남로4길 2 세양청마루주상복합상가 110호,동행복권
,2025-12-13,2,1202,서울 양천구 목동로 213 1층,주아킹 목동점
,2025-12-13,2,1202,수 복권방,서울 광진구 능동로49길 41 1층
,2025-12-13,2,1202,승지GALLANT,"서울 서초구 신반포로 194 경부고속터미널제2매표소앞 쇼케이스16, 코너3"
,2025-12-13,2,1202,오케이상사,서울 서초구 신반포로 176 센트럴시티내100호매점
,2025-12-13,2,1202,지도보기,서울 중랑구 상봉로 69
,2025-12-13,2,1202,지도보기,"서울 중랑구 봉화산로56길 69 ,1층(신내동)"
,2025-12-13,2,1202,축복복권방,서울 구로구 디지털로27길 103 1층
,2025-12-20,1,1203,강원 강릉시 임영로 107,자동
,2025-12-20,1,1203,강원 횡성군 문정로 52,수동
,2025-12-20,1,1203,경기 고양시 덕양구 지축1로 41 108호,수동
,2025-12-20,1,1203,경기 고양시 일산동구 일산로 453 1층 106호,두근두근로또복권
,2025-12-20,1,1203,경기 남양주시 다산중앙로123번길 47 메트로3단지 상기 106호,영앤로또
,2025-12-20,1,1203,경기 남양주시 마석중앙로 74,자동
,2025-12-20,1,1203,"경기 남양주시 진건오남로884번길 23 105,106호",동하인터내셔날
,2025-12-20,1,1203,"경기 수원시 권선구 서수원로577번길 305 제상가동 비205호(금곡동, 수원모아미래도센트럴타운2단지)",수동
,2025-12-20,1,1203,경기 수원시 장안구 파장로82번길 3,일주일행복로또(파장매표소)
,2025-12-20,1,1203,경기 의정부시 동일로 640,자동
,2025-12-20,1,1203,경기 의정부시 충의로 55,자동
,2025-12-20,1,1203,경남 김해시 김해대로2529번길 31 100-3호 복권판매점,행복로또방
,2025-12-20,1,1203,대구 남구 두류공원로 105 1층,자동
,2025-12-20,1,1203,"대구 수성구 동대구로 371 1층,일등커피숍내",일등커피로또판매점
,2025-12-20,1,1203,부산 영도구 남항로 35,대왕로또
,2025-12-20,1,1203,울산 울주군 북문1길 7 101호,동성슈퍼
,2025-12-20,1,1203,울산 중구 우정3길 12,지에스25(울산우정선경점)로또
,2025-12-20,1,1203,인천 부평구 경원대로 1438,수동
,2025-12-20,1,1203,전남 광양시 광포로 39 1층 (광영동),수동
,2025-12-20,1,1203,전북 전주시 덕진구 혁신로 465,자동
,2025-12-20,1,1203,전북 전주시 덕진구 혁신로 465,자동
,2025-12-20,2,1203,그랜드마트앞가판점,서울 마포구 신촌로 94 신촌 전철역 7번출구앞 가판점
,2025-12-20,2,1203,대박복권방,서울 금천구 독산로64길 18
,2025-12-20,2,1203,백악관앞가판,서울 광진구 천호대로 647
,2025-12-20,2,1203,복권나라,서울 동작구 성대로 42
,2025-12-20,2,1203,복권세상,서울 양천구 신월로 187 1층
,2025-12-20,2,1203,서울 강동구 올림픽로 552 1층5호,몽유호가
,2025-12-20,2,1203,서울 구로구 새말로 117-24 (신도림역2번출구)(구로동),가로판매소
,2025-12-20,2,1203,서울 영등포구 영중로 2 1층(영등포동3가),로또킹
,2025-12-20,2,1203,지도보기,서울 도봉구 도봉로165길 2 1층
,2025-12-20,2,1203,캐논종합,서울 용산구 새창로 156 3층큰길가장오른쪽네번째칸
,2025-12-20,2,1203,행당상회,서울 성동구 고산자로 290-3
,2025-12-27,1,1204,경기 김포시 김포한강11로 288-32 골든스퀘어101호,로또편의점
,2025-12-27,1,1204,경기 안성시 석정2길 20 1층 104호,자동
,2025-12-27,1,1204,경기 파주시 와석순환로 66 103호,자동
,2025-12-27,1,1204,경남 김해시 가야로 19 푸르지오상가 111호 복권판매점,자동
,2025-12-27,1,1204,경남 양산시 양산역2길 7 103호 복권판매점,반자동
,2025-12-27,1,1204,서울 성북구 보국문로 34-1,행운로또복권방
,2025-12-27,1,1204,서울 송파구 오금로11길 24 제1층 주차장 옆,수동
,2025-12-27,1,1204,서울 중구 을지로 113-4,가판100호
,2025-12-27,1,1204,인천 미추홀구 인하로 250-1 1층,로터리 클럽
,2025-12-27,1,1204,인천 부평구 영성로 50-1 1층,수동
,2025-12-27,1,1204,"인천 중구 참외전로 132-2 동인천역 7,8번 출구 지하1층 가판대",인현동지하가판
,2025-12-27,1,1204,전남 순천시 봉화2길 58 조례로또복권방,조례로또복권방
,2025-12-27,1,1204,충남 아산시 서해로 519-2,로또명당인주점
,2025-12-27,1,1204,충남 아산시 음봉로 844 태화상가1층103호,자동
,2025-12-27,1,1204,충남 예산군 예산로 241 1층,수동
,2025-12-27,1,1204,충북 제천시 신죽하로 83-11 1층 GS25 편의점 내,스마일로또
,2025-12-27,1,1204,충북 청주시 청원구 내수로 725-1 디지털프라자 옆,로또복권방
,2025-12-27,1,1204,충북 청주시 흥덕구 진재로23번길 25,자동
,2025-12-27,2,1204,대박복권,서울 강서구 마곡중앙1로 26 103호 (마곡동 엠리체)
,2025-12-27,2,1204,명당복권,서울 동대문구 왕산로 112-1 가판
,2025-12-27,2,1204,부일복권방,서울 성북구 돌곶이로 101
,2025-12-27,2,1204,서울 광진구 면목로 153 1층 102호,행복로또복권
,2025-12-27,2,1204,서울 노원구 한글비석로 383 삼창타워플라자아파트,나눔의 로또
,2025-12-27,2,1204,서울 종로구 자하문로 39,효자동 로또
,2025-12-27,2,1204,서울 종로구 자하문로 39,효자동 로또
,2025-12-27,2,1204,오케이상사,서울 서초구 신반포로 176 센트럴시티내100호매점
,2025-12-27,2,1204,종합가판점,서울 동대문구 왕산로40길 6 건물 앞쪽 가판점 청량리역 5번출구 앞쪽
,2025-12-27,2,1204,지도보기,서울 관악구 난곡로 132 1층
,2025-12-27,2,1204,지도보기,서울 노원구 동일로 1493 주공10단지종합상가111
,2025-12-27,2,1204,한경종합광고,서울 송파구 백제고분로 198
,2025-12-27,2,1204,행운복권방,서울 도봉구 노해로63길 79 우림빌딩 112호
